Product Name,Prices,Specifications,Ratings
Infinix INBook Y1 Plus Intel Intel Core i3 10th Gen 1005G1 - (8 GB/512 GB SSD/Windows 11 Home) XL28 Th...,"₹23,990",Intel Core i3 Processor (10th Gen)8 GB LPDDR4X RAM64 bit Windows 11 Operating System512 GB SSD39.62 cm (15.6 inch) Display1 Year Onsite Warranty,4.2
HP AMD Ryzen 5 Hexa Core 5500U - (8 GB/512 GB SSD/Windows 11 Home) 15s- eq2144au Thin and Light Laptop,"₹38,490","AMD Ryzen 5 Hexa Core Processor8 GB DDR4 RAM64 bit Windows 11 Operating System512 GB SSD39.62 cm (15.6 inch) DisplayMicrosoft Office Home 2019 & Office 365, HP Documentation, HP SSRM, HP Smart1 Year Onsite Warranty",4.3
CHUWI Intel Core i3 12th Gen Intel Core i3-1215U - (12 GB/512 GB SSD/Windows 11 Home) FreeBook 2 in 1 ...,"₹27,990","Display: 13.5"" Ultra HD 2K 3:2 touchscreen displayProcessor: Cutting-edge Intel i3 12th Gen processor, LPDDR4 12GB RAM, 512GB SSD StorageGraphics: Intel integrated UHD Graphics GPU2 in 1 Tablet Notebook360-degree foldable screenBluetooth: 5.23 Type-C interfaces :- PD Fast charging, USB 3.0 data transmission, USB 2.0 data Transmission1MP HD CamCompact and PortableIntel Core i3 Processor (12th Gen)12 GB LPDDR4 RAM64 bit Windows 11 Home Operating System512 GB SSD34.29 cm (13.5 inch) Touchscreen DisplayOperating System Software1 Year Onsite Warranty",4.2
CHUWI Intel Core i3 10th Gen 1005G1 - (8 GB/512 GB SSD/Windows 11 Home) CoreBook X Grey Laptop,"₹24,990","Stylish, Thin and Portable Light Weight Laptop
Processor: Intel Core i3-1005G1 (Base 1.20 GHz & Turbo upto 3.40 GHz) 2 Cores
RAM/Storage: 8GB DDR4, 512GB SSD
Display: 14.0"" FHD 280 nits
Touchpad: Larger Touchpad with easy control
Keyboard: Chiclet keyboard keysIntel Core i3 Processor (10th Gen)8 GB DDR4 RAM64 bit Windows 11 Operating System512 GB SSD35.56 cm (14 inch) DisplayWPS Office, Operating System Software1 Year Onsite Warranty",4.1
HP Laptop AMD Ryzen 3 Quad Core 5300U - (8 GB/512 GB SSD/Windows 11 Home) 15s- eq2212AU Thin and Light...,"₹32,890",AMD Ryzen 3 Quad Core Processor8 GB DDR4 RAMWindows 11 Operating System512 GB SSD39.62 cm (15.6 Inch) Display1 Year Onsite Warranty,4.3
ASUS Vivobook 15X (2023) Intel Core i3 13th Gen 1315U - (8 GB/512 GB SSD/Windows 11 Home) K3504VAB-NJ3...,"₹39,980",Intel Core i3 Processor (13th Gen)8 GB DDR4 RAMWindows 11 Operating System512 GB SSD39.62 cm (15.6 Inch) Display1 Year Onsite Warranty,4.3
ASUS TUF Gaming F15 with 90WHr Battery Intel Core i5 11th Gen 11400H - (16 GB/512 GB SSD/Windows 11 Ho...,"₹59,990",Intel Core i5 Processor (11th Gen)16 GB DDR4 RAMWindows 11 Operating System512 GB SSD39.62 cm (15.6 Inch) Display1 Year Onsite Warranty,4.5
ASUS Vivobook Go 15 OLED (2023) AMD Ryzen 5 Quad Core 7520U - (8 GB/512 GB SSD/Windows 11 Home) E1504F...,"₹44,990",AMD Ryzen 5 Quad Core Processor8 GB LPDDR5 RAMWindows 11 Operating System512 GB SSD39.62 cm (15.6 Inch) Display1 Year Onsite Warranty,4.4
MSI Modern 14 Intel Core i5 11th Gen 1155G7 - (8 GB/512 GB SSD/Windows 11 Home) Modern 14 C11M-030IN T...,"₹32,990",Intel Core i5 Processor (11th Gen)8 GB DDR4 RAMWindows 11 Operating System512 GB SSD35.56 cm (14 Inch) Display1 Year Carry-in Warranty,4.2
Infinix INBook X2 Plus Intel Core i3 11th Gen 1115G4 - (8 GB/256 GB SSD/Windows 11 Home) XL25 Thin and...,"₹25,990",Intel Core i3 Processor (11th Gen)8 GB LPDDR4X RAM64 bit Windows 11 Operating System256 GB SSD39.62 cm (15.6 Inch) Display1 Year Onsite Warranty,4.2
Infinix Inbook Y1 Plus Intel Core i5 10th Gen 1035G1 - (8 GB/512 GB SSD/Windows 11 Home) XL28 Thin and...,"₹27,990",Intel Core i5 Processor (10th Gen)8 GB LPDDR4X RAMWindows 11 Operating System512 GB SSD39.62 cm (15.6 inch) Display1 Year Onsite Warranty,4.4
MSI Modern 14 AMD Ryzen 5 Hexa Core 7530U - (8 GB/512 GB SSD/Windows 11 Home) Modern 14 C7M-063IN Thin...,"₹32,990",AMD Ryzen 5 Hexa Core Processor8 GB DDR4 RAMWindows 11 Operating System512 GB SSD35.56 cm (14 Inch) Display1 Year Carry-in Warranty,4.3
MSI Modern 14 Intel Core i3 11th Gen 1115G4 - (8 GB/512 GB SSD/Windows 11 Home) Modern 14 C11M-031IN T...,"₹28,990",Intel Core i3 Processor (11th Gen)8 GB DDR4 RAMWindows 11 Operating System512 GB SSD35.56 cm (14 Inch) Display1 Year Carry-in Warranty,4.3
ASUS Vivobook Intel Core i3 12th Gen 1215U - (8 GB/512 GB SSD/Windows 11 Home) X1504ZA-NJ325WS Thin an...,"₹35,990",Intel Core i3 Processor (12th Gen)8 GB DDR4 RAMWindows 11 Operating System512 GB SSD39.62 cm (15.6 Inch) DisplayMicrosoft Office Home & Student 20211 Year Onsite Warranty,4.3
MSI GF63 Intel Core i5 11th Gen 11260H - (8 GB/512 GB SSD/Windows 11 Home/4 GB Graphics/NVIDIA GeForce...,"₹39,990",Intel Core i5 Processor (11th Gen)8 GB DDR4 RAMWindows 11 Operating System512 GB SSD39.62 cm (15.6 Inch) Display2 Year Carry-in Warranty,4.2
Infinix Inbook Y1 Plus Intel Core i5 10th Gen 1035G1 - (8 GB/512 GB SSD/Windows 11 Home) XL28 Thin and...,"₹27,990",Intel Core i5 Processor (10th Gen)8 GB LPDDR4X RAMWindows 11 Operating System512 GB SSD39.62 cm (15.6 inch) Display1 Year Onsite Warranty,4.4
DELL Intel Core i5 11th Gen 1135G7 - (8 GB/512 GB SSD/Windows 11 Home) Vostro 3520 Laptop,"₹42,990",Intel Core i5 Processor (11th Gen)8 GB DDR4 RAMWindows 11 Operating System512 GB SSD39.62 cm (15.6 inch) Display1 Year Onsite Warranty,3.9
ASUS Vivobook 15 Intel Core i3 12th Gen i3-1220P - (8 GB/512 GB SSD/Windows 11 Home) X1502ZA-EJ385WS T...,"₹39,990","Intel Core i3 Processor (12th Gen)8 GB DDR4 RAM64 bit Windows 11 Home Operating System512 GB SSD39.62 cm (15.6 inch) DisplayWindows 11, MS Office H&S 20211 Year Onsite Warranty",4.2
ASUS Vivobook K15 OLED AMD Ryzen 5 Hexa Core AMD R5-5500U - (16 GB/512 GB SSD/Windows 11 Home) KM513UA...,"₹47,990",AMD Ryzen 5 Hexa Core Processor16 GB DDR4 RAM64 bit Windows 11 Operating System512 GB SSD39.62 cm (15.6 Inch) Display1 Year Onsite Warranty,4.4
Infinix X2 Slim Series Intel Core i3 11th Gen 1115G4 - (8 GB/512 GB SSD/Windows 11 Home) XL23 Thin and...,"₹25,990",Intel Core i3 Processor (11th Gen)8 GB LPDDR4X RAMWindows 11 Operating System512 GB SSD35.56 cm (14 inch) Display1 Year Onsite Warranty,4.1
Lenovo V15 AMD Ryzen 3 Quad Core 7320U - (8 GB/512 GB SSD/Windows 11 Home) V15 G4 Thin and Light Lapto...,"₹25,990",AMD Ryzen 3 Quad Core Processor8 GB LPDDR5 RAMWindows 11 Operating System512 GB SSD39.62 cm (15.6 Inch) Display1 Year Onsite Warranty,4.2
DELL Inspiron 15 3520 Intel Core i5 12th Gen Core i5 - (16 GB/512 GB SSD/Windows 11 Home) Inspiron 352...,"₹51,190","Intel Core i5 Processor (12th Gen)16 GB DDR4 RAM64 bit Windows 11 Operating System512 GB SSD39.62 cm (15.6 inch) DisplayOffice Home & Student 2021, Microsoft Windows, 15 Months Macafee Antivirus1 Year Onsite Warranty",4.1
WINGS Nuvobook V1 Aluminium Alloy Metal Body Intel Intel Core i5 11th Gen 1155G7 - (8 GB/512 GB SSD/Wi...,"₹26,990",Intel Core i5 Processor (11th Gen)8 GB DDR4 RAMWindows 11 Operating System512 GB SSD39.62 cm (15.6 Inch) Display1 Year Onsite Warranty,4.1
Acer Extensa Intel Core i3 N305 - (8 GB/256 GB SSD/Windows 11 Home) EX215-33 Notebook,"₹28,990",Intel Core i3 Processor8 GB LPDDR5 RAM64 bit Windows 11 Operating System256 GB SSD39.62 cm (15.6 Inch) Display1 Year International Travelers Warranty,4.1
DELL Intel Core i5 12th Gen 1235U - (8 GB/512 GB SSD/Windows 11 Home) New Inspiron 15 Laptop Thin and ...,"₹42,990","Processor: Intel i5-1235U (Base- 3.30 GHz & Turbo up to 4.40 GHz) 10 CoresRAM & Storage: 8GB DDR4 & 512GB SSDGraphics & Keyboard: Integrated & Standard KeyboardDisplay: 15.6"" FHD WVA AG 120Hz 250 nits Narrow BorderIntel Core i5 Processor (12th Gen)8 GB DDR4 RAM64 bit Windows 11 Operating System512 GB SSD38.0 cm (14.96 inch) Display1 Year Onsite Hardware Service",4
ASUS TUF Gaming F15 - AI Powered Gaming Intel Core i5 11th Gen 11260H - (16 GB/512 GB SSD/Windows 11 H...,"₹51,990",Intel Core i5 Processor (11th Gen)16 GB DDR4 RAMWindows 11 Operating System512 GB SSD39.62 cm (15.6 Inch) Display1 Year Carry-in Warranty,4.3
CHUWI Intel Core i3 12th Gen Intel Core i3-1215U - (12 GB/512 GB SSD/Windows 11 Home) FreeBook 2 in 1 ...,"₹27,990","Display: 13.5"" Ultra HD 2K 3:2 touchscreen displayProcessor: Cutting-edge Intel i3 12th Gen processor, LPDDR4 12GB RAM, 512GB SSD StorageGraphics: Intel integrated UHD Graphics GPU2 in 1 Tablet Notebook360-degree foldable screenBluetooth: 5.23 Type-C interfaces :- PD Fast charging, USB 3.0 data transmission, USB 2.0 data Transmission1MP HD CamCompact and PortableIntel Core i3 Processor (12th Gen)12 GB LPDDR4 RAM64 bit Windows 11 Home Operating System512 GB SSD34.29 cm (13.5 inch) Touchscreen DisplayOperating System Software1 Year Onsite Warranty",4.2
CHUWI Intel Core i3 10th Gen 1005G1 - (8 GB/512 GB SSD/Windows 11 Home) CoreBook X Grey Laptop,"₹24,990","Stylish, Thin and Portable Light Weight Laptop
Processor: Intel Core i3-1005G1 (Base 1.20 GHz & Turbo upto 3.40 GHz) 2 Cores
RAM/Storage: 8GB DDR4, 512GB SSD
Display: 14.0"" FHD 280 nits
Touchpad: Larger Touchpad with easy control
Keyboard: Chiclet keyboard keysIntel Core i3 Processor (10th Gen)8 GB DDR4 RAM64 bit Windows 11 Operating System512 GB SSD35.56 cm (14 inch) DisplayWPS Office, Operating System Software1 Year Onsite Warranty",4.1
Lenovo Intel Celeron Dual Core 4th Gen - (8 GB/256 GB SSD/DOS) 82QYA00HIN Laptop,"₹21,849",Intel Celeron Dual Core Processor (4th Gen)8 GB DDR4 RAM64 bit DOS Operating System256 GB SSD39.62 cm (15.6 inch) Display1 Years,3.7
ASUS Vivobook S14 OLED Intel EVO H-Series Intel Core i5 12th Gen 12500H - (16 GB/512 GB SSD/Windows 11...,"₹66,990",Intel Core i5 Processor (12th Gen)16 GB DDR4 RAM64 bit Windows 11 Operating System512 GB SSD35.56 cm (14 Inch) Display1 Year Onsite Warranty,4.4
HP 15s (2023) AMD Ryzen 3 Quad Core 7320U - (8 GB/512 GB SSD/Windows 11 Home) 15-fc0026AU Thin and Lig...,"₹33,990",AMD Ryzen 3 Quad Core Processor8 GB LPDDR5 RAM64 bit Windows 11 Operating System512 GB SSD39.62 cm (15.6 Inch) Display1 Year Onsite Warranty,4.2
MSI GF63 Intel Core i5 11th Gen 11260H - (16 GB/512 GB SSD/Windows 11 Home/4 GB Graphics/NVIDIA GeForc...,"₹42,990",Intel Core i5 Processor (11th Gen)16 GB DDR4 RAMWindows 11 Operating System512 GB SSD39.62 cm (15.6 Inch) Display2 Year Carry-in Warranty,4.2
DELL Intel Core i3 11th Gen 1115G4 - (8 GB/256 GB SSD/Windows 11 Home) Vostro 3420 Notebook,"₹30,391","Processor: Intel i3-1115G4 (Base- 1.70 GHz & Turbo up to 4.10 GHz) 2 CoresRAM & Storage: 8GB DDR4 & 256GB SSDGraphics & Keyboard: Integrated & Standard KeyboardDisplay: 14.0"" FHD WVA AG Narrow Border 250 nitsPorts: 2 USB 3.2 Gen 1 ports, 1 USB 2.0 port, 1 Headset jack, 1 HDMI 1.4 port*,1 Flip-Down RJ-45 port 10/100/1000 Mbps, 1 SD 3.0 card slotFeature- Add Full Size spill resistent KB with a Larger Touchpad, 3 Side Narrow Border, Hardware TPM 2.0 for Security addIntel Core i3 Processor (11th Gen)8 GB DDR4 RAM64 bit Windows 11 Operating System256 GB SSD35.56 cm (14 inch) Display1 Year Onsite Hardware Service",4.1
ASUS Vivobook Go 15 OLED (2023) AMD Ryzen 3 Quad Core 7320U - (8 GB/512 GB SSD/Windows 11 Home) E1504F...,"₹39,990",AMD Ryzen 3 Quad Core Processor8 GB LPDDR5 RAMWindows 11 Operating System512 GB SSD39.62 cm (15.6 Inch) Display1 Year Onsite Warranty,4.4
Lenovo IdeaPad Slim 5 Intel Core i5 13th Gen 13500H - (16 GB/512 GB SSD/Windows 11 Home) 16IRL8 Thin a...,"₹70,190",Intel Core i5 Processor (13th Gen)16 GB LPDDR5 RAMWindows 11 Operating System512 GB SSD40.64 cm (16 Inch) DisplayMicrosoft Office Home & Student 20211 Yr Onsite Warranty + 1 Yr Premium Care,4.2
HP AMD Ryzen 5 Hexa Core 5500U - (16 GB/512 GB SSD/Windows 11 Home) 15s- eq2182AU Thin and Light Lapto...,"₹41,990","AMD Ryzen 5 Hexa Core Processor16 GB DDR4 RAM64 bit Windows 11 Operating System512 GB SSD39.62 cm (15.6 Inch) DisplayMicrosoft Office 2021 Home & Student, HP Documentation, HP BIOS recovery, HP Smart1 Year Onsite Warranty",4.3
HP AMD Ryzen 5 Hexa Core 5500U - (8 GB/512 GB SSD/Windows 11 Home) 15s- eq2223AU Thin and Light Laptop,"₹40,490",AMD Ryzen 5 Hexa Core Processor8 GB DDR4 RAM64 bit Windows 11 Operating System512 GB SSD39.62 cm (15.6 Inch) Display1 Year Onsite Warranty,4.3
HP 2023 Intel Core i5 11th Gen 1155G7 - (16 GB/512 GB SSD/Windows 11 Home) 15s-fr4001TU Thin and Light...,"₹50,379",Intel Core i5 Processor (11th Gen)16 GB DDR4 RAM64 bit Windows 11 Operating System512 GB SSD39.62 cm (15.6 Inch) Display1 Year Onsite Warranty,4.3
Acer One14 Backlit Intel Core i5 11th Gen 1155G7 - (16 GB/512 GB SSD/Windows 11 Home) Z8-415 Thin and ...,"₹31,990",Intel Core i5 Processor (11th Gen)16 GB DDR4 RAMWindows 11 Operating System512 GB SSD35.56 cm (14 Inch) Display1 Year Onsite Warranty,3.7
HP Intel Core i5 12th Gen 1235U - (16 GB/512 GB SSD/Windows 11 Home) 15s-fq5330TU Thin and Light Lapto...,"₹51,990",Intel Core i5 Processor (12th Gen)16 GB DDR4 RAMWindows 11 Operating System512 GB SSD39.62 cm (15.6 inch) Display1 Year Onsite warranty,4.2
ASUS TUF Gaming F15 - AI Powered Gaming Intel Core i5 11th Gen 11260H - (8 GB/512 GB SSD/Windows 11 Ho...,"₹47,990",Intel Core i5 Processor (11th Gen)8 GB DDR4 RAMWindows 11 Operating System512 GB SSD39.62 cm (15.6 Inch) Display1 Year Carry-in Warranty,4.3
Lenovo IdeaPad Slim 3 Intel Core i3 12th Gen 1215U - (8 GB/512 GB SSD/Windows 11 Home) 15IAU7 Thin and...,"₹37,990",Intel Core i3 Processor (12th Gen)8 GB DDR4 RAMWindows 11 Operating System512 GB SSD39.62 cm (15.6 Inch) Display1 year onsite + 1 year accidental damage protection,4.2
Acer Aspire Lite Intel Core i3 12th Gen 1215U - (16 GB/512 GB SSD/Windows 11 Home) AL15-52 Thin and Li...,"₹34,890",Intel Core i3 Processor (12th Gen)16 GB DDR4 RAMWindows 11 Operating System512 GB SSD39.62 cm (15.6 Inch) Display1 Year Onsite Warranty,3.6
Acer Extensa 15 AMD Ryzen 3 Quad Core 7320U - (8 GB/512 GB SSD/Windows 11 Home) EX215-23-R4MC Thin and...,"₹29,990",AMD Ryzen 3 Quad Core Processor8 GB LPDDR5 RAMWindows 11 Operating System512 GB SSD39.62 cm (15.6 Inch) Display1 Year Onsite Warranty,4.1
CHUWI Intel Celeron Dual Core 11th Gen N4020 - (8 GB/256 GB SSD/Windows 11 Home) HeroBook Pro Laptop,"₹16,990","Light weight, Portable Laptop
RAM/Storage: 8GB LPDDR4 Ram, 256GB M.2 SSD StorageHard-Decoding 4k@60Hz
Graphics/GPU: UHD Graphics 600
Display: 14.1 inch, 16:9 IPS Display
Touchpad: Larger Touchpad with easy control
Keyboard: Chiclet keyboard keysIntel Celeron Dual Core Processor (11th Gen)8 GB DDR4 RAM64 bit Windows 11 Operating System256 GB SSD35.81 cm (14.1 inch) DisplayWPS Office, Operating System Software1 Year Onsite Warranty",3.7
Acer Aspire 7 Intel Core i5 12th Gen 12450H - (16 GB/512 GB SSD/Windows 11 Home/4 GB Graphics/NVIDIA G...,"₹52,990",Intel Core i5 Processor (12th Gen)16 GB DDR4 RAMWindows 11 Operating System512 GB SSD39.62 cm (15.6 Inch) Display1 Year Onsite Warranty,4.2
HP Victus AMD Ryzen 5 Hexa Core 5600H - (8 GB/512 GB SSD/Windows 11 Home/4 GB Graphics/AMD Radeon RX 6...,"₹47,990",AMD Ryzen 5 Hexa Core Processor8 GB DDR4 RAMWindows 11 Operating System512 GB SSD39.62 cm (15.6 Inch) Display1 Year Onsite Warranty,4.3
Lenovo IdeaPad Slim1 AMD Ryzen 5 Hexa Core 5500U - (8 GB/512 GB SSD/Windows 11 Home) 15ACL6 | 15ACL7 T...,"₹37,990",AMD Ryzen 5 Hexa Core Processor8 GB DDR4 RAM64 bit Windows 11 Operating System512 GB SSD100.63 cm (39.62 cm) DisplayOffice Home and Student 20211 Year Onsite ADP,4.2
ASUS Vivobook Go 15 OLED (2023) AMD Ryzen 5 Quad Core 7520U - (8 GB/512 GB SSD/Windows 11 Home) E1504F...,"₹44,990",AMD Ryzen 5 Quad Core Processor8 GB LPDDR5 RAMWindows 11 Operating System512 GB SSD39.62 cm (15.6 Inch) Display1 Year Onsite Warranty,4.4
HP 255 G9 AMD Athlon Dual Core AMD Athlon Silver-3050U - (4 GB/256 GB SSD/DOS) 255 G9 Thin and Light L...,"₹19,989",AMD Athlon Dual Core Processor4 GB DDR4 RAMDOS Operating System256 GB SSD39.62 cm (15.6 inch) DisplayDOS1 year warranty,3.9
Acer Aspire 3 Intel Core i3 12th Gen - (8 GB/512 GB SSD/Windows 11 Home) A315-59-329J Thin and Light L...,"₹32,990",Intel Core i3 Processor (12th Gen)8 GB DDR4 RAM64 bit Windows 11 Operating System512 GB SSD39.62 cm (15.6 inch) Display1 Year International Travelers Warranty (ITW),4.2
CHUWI Intel Celeron Quad Core 12th Gen N100 - (8 GB/256 GB SSD/Windows 11 Home) GemiBook X_Pro Laptop,"₹20,990","Intel Celeron Quad Core Processor (12th Gen)8 GB LPDDR5 RAM64 bit Windows 11 Home Operating System256 GB SSD35.81 cm (14.1 inch) DisplayWPS Office, Operating System Software1 Year Onsite Warranty",3.6
AXL Intel Celeron Dual Core 9th Gen - (4 GB/256 GB SSD/Windows 11 Home) 15W_LAP02 Thin and Light Lapto...,"₹16,970",Intel Celeron Dual Core Processor (9th Gen)4 GB DDR4 RAMWindows 11 Operating System256 GB SSD39.62 cm (15.6 inch) Display1 Year,4
CHUWI Intel Core i3 12th Gen Intel Core i3-1215U - (12 GB/512 GB SSD/Windows 11 Home) FreeBook 2 in 1 ...,"₹27,990","Display: 13.5"" Ultra HD 2K 3:2 touchscreen displayProcessor: Cutting-edge Intel i3 12th Gen processor, LPDDR4 12GB RAM, 512GB SSD StorageGraphics: Intel integrated UHD Graphics GPU2 in 1 Tablet Notebook360-degree foldable screenBluetooth: 5.23 Type-C interfaces :- PD Fast charging, USB 3.0 data transmission, USB 2.0 data Transmission1MP HD CamCompact and PortableIntel Core i3 Processor (12th Gen)12 GB LPDDR4 RAM64 bit Windows 11 Home Operating System512 GB SSD34.29 cm (13.5 inch) Touchscreen DisplayOperating System Software1 Year Onsite Warranty",4.2
Infinix X2 Slim Intel Core i5 11th Gen 1155G7 - (16 GB/512 GB SSD/Windows 11 Home) XL23 Thin and Light...,"₹34,990",Intel Core i5 Processor (11th Gen)16 GB LPDDR4X RAM64 bit Windows 11 Operating System512 GB SSD35.56 cm (14 inch) DisplayNA1 year Onsite Warranty,4.1
Lenovo V15 AMD Ryzen 3 Hexa Core 5300U - (8 GB/512 GB SSD/Windows 11 Home) V15 G2 ALC Thin and Light L...,"₹26,999",AMD Ryzen 3 Hexa Core Processor8 GB DDR4 RAMWindows 11 Operating System512 GB SSD39.62 cm (15.6 Inch) Display1 Year Onsite Warranty,4.2
CHUWI Intel Core i3 10th Gen 1005G1 - (8 GB/512 GB SSD/Windows 11 Home) CoreBook X Grey Laptop,"₹24,990","Stylish, Thin and Portable Light Weight Laptop
Processor: Intel Core i3-1005G1 (Base 1.20 GHz & Turbo upto 3.40 GHz) 2 Cores
RAM/Storage: 8GB DDR4, 512GB SSD
Display: 14.0"" FHD 280 nits
Touchpad: Larger Touchpad with easy control
Keyboard: Chiclet keyboard keysIntel Core i3 Processor (10th Gen)8 GB DDR4 RAM64 bit Windows 11 Operating System512 GB SSD35.56 cm (14 inch) DisplayWPS Office, Operating System Software1 Year Onsite Warranty",4.1
ASUS Vivobook 15 Intel Core i3 12th Gen 1215U - (8 GB/512 GB SSD/Windows 11 Home) X1502ZA-EJ953WS Thin...,"₹35,990",Intel Core i3 Processor (12th Gen)8 GB DDR4 RAMWindows 11 Operating System512 GB SSD39.62 cm (15.6 Inch) Display1 Year Onsite Warranty,4.3
ASUS Chromebook Intel Celeron Dual Core N4500 - (8 GB/128 GB EMMC Storage/Chrome OS) CX1500CKA-EJ0247 ...,"₹16,990",Intel Celeron Dual Core Processor8 GB LPDDR4X RAMChrome Operating System39.62 cm (15.6 Inch) Display1 Year Onsite Warranty,3.7
HP Intel Core i3 12th Gen 1215U - (8 GB/512 GB SSD/Windows 11 Home) 15s-fy5006TU Thin and Light Laptop,"₹35,990",Intel Core i3 Processor (12th Gen)8 GB DDR4 RAMWindows 11 Operating System512 GB SSD39.62 cm (15.6 Inch) Display1 Year Onsite Warranty,4
Lenovo V15 Intel Core i3 12th Gen 1215U - (8 GB/512 GB SSD/Windows 11 Home) V15 G3 IAP Thin and Light ...,"₹31,999",Intel Core i3 Processor (12th Gen)8 GB DDR4 RAMWindows 11 Operating System512 GB SSD39.62 cm (15.6 Inch) Display1 Year Onsite Warranty,4.2
HP Intel Core i3 11th Gen - (8 GB/512 GB SSD/Windows 11 Home) 250 G8 Thin and Light Laptop,"₹30,999",Intel Core i3 Processor (11th Gen)8 GB DDR4 RAM64 bit Windows 11 Operating System512 GB SSD39.62 cm (15.6 inch) Display1Year Onsite Warranty,4.2
Lenovo V15 AMD Ryzen 5 Hexa Core 5500U - (8 GB/512 GB SSD/Windows 11 Home) V15 G2 ALC Thin and Light L...,"₹34,949",AMD Ryzen 5 Hexa Core Processor8 GB DDR4 RAMWindows 11 Operating System512 GB SSD39.62 cm (15.6 Inch) Display1 Year Onsite Warranty,4.2
HP Intel Core i5 12th Gen 1235U - (8 GB/512 GB SSD/Windows 11 Home) 15s-fy5007TU Thin and Light Laptop,"₹49,990",Intel Core i5 Processor (12th Gen)8 GB DDR4 RAMWindows 11 Operating System512 GB SSD39.62 cm (15.6 Inch) Display1 Year Onsite Warranty,4.3
MSI Modern 14 Intel Core i3 12th Gen 1215U - (16 GB/512 GB SSD/Windows 11 Home) Modern 14 C12M-444IN T...,"₹33,990",Intel Core i3 Processor (12th Gen)16 GB DDR4 RAMWindows 11 Operating System512 GB SSD35.56 cm (14 Inch) Display1 Year Carry-in warranty,4.3
ASUS Vivobook 15 AMD Ryzen 7 Octa Core 5800HS - (16 GB/512 GB SSD/Windows 11 Home) M1502QA-EJ741WS Thi...,"₹47,990",AMD Ryzen 7 Octa Core Processor16 GB DDR4 RAMWindows 11 Operating System512 GB SSD39.62 cm (15.6 Inch) Display1 Year Onsite Warranty,4.2
Acer Aspire Lite Intel Core i5 12th Gen 1235U - (16 GB/1 TB SSD/Windows 11 Home) AL15-52 Thin and Ligh...,"₹47,990",Intel Core i5 Processor (12th Gen)16 GB DDR4 RAMWindows 11 Operating System1 TB SSD39.62 cm (15.6 Inch) Display1 Year Onsite Warranty,4.4
ASUS Vivobook Go 15 OLED (2023) AMD Ryzen 3 Quad Core 7320U - (8 GB/512 GB SSD/Windows 11 Home) E1504F...,"₹39,990",AMD Ryzen 3 Quad Core Processor8 GB LPDDR5 RAMWindows 11 Operating System512 GB SSD39.62 cm (15.6 Inch) Display1 Year Onsite Warranty,4.7
Apple 2020 Macbook Air Apple M1 - (8 GB/256 GB SSD/Mac OS Big Sur) MGN93HN/A,"₹67,990","Apple M1 Processor8 GB DDR4 RAMMac OS Operating System256 GB SSD33.78 cm (13.3 inch) DisplayBuilt-in Apps: iMovie, Siri, GarageBand, Pages, Numbers, Photos, Keynote, Safari, Mail, FaceTime, Messages, Maps, Stocks, Home, Voice Memos, Notes, Calendar, Contacts, Reminders, Photo Booth, Preview, Books, App Store, Time Machine, TV, Music, Podcasts, Find My, QuickTime Player1 Year Limited Warra­nty",4.4
HP Victus AMD Ryzen 7 Octa Core 5800H - (16 GB/512 GB SSD/Windows 11 Home/4 GB Graphics/NVIDIA GeForce...,"₹65,990",AMD Ryzen 7 Octa Core Processor16 GB DDR4 RAMWindows 11 Operating System512 GB SSD39.62 cm (15.6 Inch) Display1 Year Onsite Warranty,4.1
Lenovo IdeaPad Gaming 3 AMD Ryzen 5 Hexa Core 7535HS - (16 GB/512 GB SSD/Windows 11 Home/4 GB Graphics...,"₹54,990",AMD Ryzen 5 Hexa Core Processor16 GB DDR5 RAMWindows 11 Operating System512 GB SSD39.62 cm (15.6 Inch) Display1 Year Onsite warranty,4.4
CHUWI Intel Core i3 12th Gen Intel Core i3-1215U - (12 GB/512 GB SSD/Windows 11 Home) FreeBook 2 in 1 ...,"₹27,990","Display: 13.5"" Ultra HD 2K 3:2 touchscreen displayProcessor: Cutting-edge Intel i3 12th Gen processor, LPDDR4 12GB RAM, 512GB SSD StorageGraphics: Intel integrated UHD Graphics GPU2 in 1 Tablet Notebook360-degree foldable screenBluetooth: 5.23 Type-C interfaces :- PD Fast charging, USB 3.0 data transmission, USB 2.0 data Transmission1MP HD CamCompact and PortableIntel Core i3 Processor (12th Gen)12 GB LPDDR4 RAM64 bit Windows 11 Home Operating System512 GB SSD34.29 cm (13.5 inch) Touchscreen DisplayOperating System Software1 Year Onsite Warranty",4.2
CHUWI Intel Core i3 10th Gen 1005G1 - (8 GB/512 GB SSD/Windows 11 Home) CoreBook X Grey Laptop,"₹24,990","Stylish, Thin and Portable Light Weight Laptop
Processor: Intel Core i3-1005G1 (Base 1.20 GHz & Turbo upto 3.40 GHz) 2 Cores
RAM/Storage: 8GB DDR4, 512GB SSD
Display: 14.0"" FHD 280 nits
Touchpad: Larger Touchpad with easy control
Keyboard: Chiclet keyboard keysIntel Core i3 Processor (10th Gen)8 GB DDR4 RAM64 bit Windows 11 Operating System512 GB SSD35.56 cm (14 inch) DisplayWPS Office, Operating System Software1 Year Onsite Warranty",4.1
ASUS Vivobook S14 OLED Intel EVO H-Series Intel Core i7 12th Gen 12700H - (16 GB/512 GB SSD/Windows 11...,"₹74,990",Intel Core i7 Processor (12th Gen)16 GB DDR4 RAMWindows 11 Operating System512 GB SSD35.56 cm (14 inch) DisplayOffice Home and Student 20211 Year Onsite Warranty,4.3
HP Pavilion AMD Ryzen 5 Hexa Core 5500U - (16 GB/1 TB SSD/Windows 11 Home) 15-eh1047AU Thin and Light ...,"₹55,990",AMD Ryzen 5 Hexa Core Processor16 GB DDR4 RAMWindows 11 Operating System1 TB SSD39.62 cm (15.6 Inch) Display1 Year Onsite Warranty,4.3
ASUS Vivobook 15 Intel Core i3 11th Gen 1115G4 - (16 GB/512 GB SSD/Windows 11 Home) X515EA-EJ342WS Thi...,"₹35,990",Intel Core i3 Processor (11th Gen)16 GB DDR4 RAMWindows 11 Operating System512 GB SSD39.62 cm (15.6 Inch) Display1 Year Onsite Warranty,4.3
HP Pavilion Intel Core i5 12th Gen 1235U - (16 GB/512 GB SSD/Windows 11 Home) 14-dv2014TU Thin and Lig...,"₹61,990","Intel Core i5 Processor (12th Gen)16 GB DDR4 RAM64 bit Windows 11 Operating System512 GB SSD35.56 cm (14 inch) DisplayMicrosoft Office Home & Student 2021, HP Documentation, HP BIOS recovery, HP Smart1 Year Onsite Warranty",4.4
ASUS Vivobook Pro 15 OLED For Creator AMD Ryzen 5 Hexa Core 5600HS - (16 GB/512 GB SSD/Windows 11 Home...,"₹60,990",AMD Ryzen 5 Hexa Core Processor16 GB DDR4 RAMWindows 11 Operating System512 GB SSD39.62 cm (15.6 Inch) Display1 Year Onsite Warranty,4.2
ASUS Vivobook 15 AMD Ryzen 7 Octa Core 5800HS - (16 GB/512 GB SSD/Windows 11 Home) M1502QA-EJ742WS Thi...,"₹47,990",AMD Ryzen 7 Octa Core Processor16 GB DDR4 RAMWindows 11 Operating System512 GB SSD39.62 cm (15.6 Inch) Display1 Year Onsite Warranty,4.2
HP 2023 Intel Core i3 12th Gen 1215U - (8 GB/512 GB SSD/Windows 11 Home) 15s-fy5003TU Thin and Light L...,"₹35,990",Intel Core i3 Processor (12th Gen)8 GB DDR4 RAMWindows 11 Operating System512 GB SSD39.62 cm (15.6 Inch) Display1 Year Onsite Warranty,4.7
Apple 2020 Macbook Air Apple M1 - (8 GB/256 GB SSD/Mac OS Big Sur) MGN93HN/A,"₹67,990","Apple M1 Processor8 GB DDR4 RAMMac OS Operating System256 GB SSD33.78 cm (13.3 inch) DisplayBuilt-in Apps: iMovie, Siri, GarageBand, Pages, Numbers, Photos, Keynote, Safari, Mail, FaceTime, Messages, Maps, Stocks, Home, Voice Memos, Notes, Calendar, Contacts, Reminders, Photo Booth, Preview, Books, App Store, Time Machine, TV, Music, Podcasts, Find My, QuickTime Player1 Year Limited Warra­nty",3.9
HP Victus AMD Ryzen 5 Hexa Core 5600H - (16 GB/512 GB SSD/Windows 11 Home/4 GB Graphics/AMD Radeon RX ...,"₹50,999",AMD Ryzen 5 Hexa Core Processor16 GB DDR4 RAMWindows 11 Operating System512 GB SSD39.62 cm (15.6 Inch) Display1 Year Onsite Warranty,4.2
HP G8 Intel Core i3 11th Gen 1115G4 - (8 GB/512 GB SSD/Windows 11 Home) 240 G8 Business Laptop,"₹30,888",Intel Core i3 Processor (11th Gen)8 GB DDR4 RAM32 bit Windows 11 Operating System512 GB SSD35.56 cm (14 inch) Displayna1 year warranty,4.1
Infinix X3 Slim Intel Intel Core i3 12th Gen 1215U - (8 GB/512 GB SSD/Windows 11 Home) XL422 Thin and ...,"₹28,990",Intel Core i3 Processor (12th Gen)8 GB LPDDR4X RAMWindows 11 Operating System512 GB SSD35.56 cm (14 Inch) Display1 Year Onsite Warranty,4.3
ASUS Vivobook Go 15 (2023) AMD Ryzen 5 Quad Core 7520U - (8 GB/512 GB SSD/Windows 11 Home) E1504FA-NJ5...,"₹39,990",AMD Ryzen 5 Quad Core Processor8 GB LPDDR5 RAMWindows 11 Operating System512 GB SSD39.62 cm (15.6 Inch) Display1 Year Onsite Warranty,3.9
HP 841w6pa 255 g9 AMD Ryzen 3 Dual Core AMD Ryzen™ 3 processor 3250U - (8 GB/512 GB SSD/DOS) 255 G8 La...,"₹23,999",AMD Ryzen 3 Dual Core Processor8 GB DDR4 RAMDOS Operating System512 GB SSD39.62 cm (15.6 inch) DisplayDOS1 year Domestic warranty,4
Lenovo Ideapad Slim 3 MediaTek Kompanio 520 - (8 GB/128 GB EMMC Storage/Chrome OS) 14M868 Chromebook,"₹23,650",MediaTek Kompanio 520 Processor8 GB LPDDR4X RAMChrome Operating System35.56 cm (14 inch) Display1 Year Carry-in Warranty,4.2
HP 15s (2023) Intel Core i3 13th Gen 1315U - (8 GB/512 GB SSD/Windows 11 Home) 15-fd0018TU Thin and Li...,"₹43,990",Intel Core i3 Processor (13th Gen)8 GB DDR4 RAM64 bit Windows 11 Operating System512 GB SSD39.62 cm (15.6 Inch) Display1 Year Onsite Warranty,4
HP 360 Intel Celeron Quad Core N4120 - (4 GB/64 GB EMMC Storage/Chrome OS) 14a-ca0504TU Chromebook,"₹19,990",Intel Celeron Quad Core Processor4 GB LPDDR4 RAM64 bit Chrome Operating System35.56 cm (14 Inch) Touchscreen Display1 Year Onsite warranty,4.1
Infinix X3 Slim Intel Intel Core i5 12th Gen 1235U - (16 GB/512 GB SSD/Windows 11 Home) XL422 Thin and...,"₹36,990",Intel Core i5 Processor (12th Gen)16 GB LPDDR4X RAMWindows 11 Operating System512 GB SSD35.56 cm (14 Inch) Display1 Year Onsite Warranty,4.4
ASUS Vivobook Go 15 OLED (2023) AMD Ryzen 3 Quad Core 7320U - (8 GB/512 GB SSD/Windows 11 Home) E1504F...,"₹39,990",AMD Ryzen 3 Quad Core Processor8 GB LPDDR5 RAMWindows 11 Operating System512 GB SSD39.62 cm (15.6 Inch) Display1 Year Onsite Warranty,4.1
ASUS Vivobook S15 OLED Intel EVO H-Series Intel Core i7 12th Gen 12700H - (16 GB/512 GB SSD/Windows 11...,"₹77,990",Intel Core i7 Processor (12th Gen)16 GB DDR4 RAMWindows 11 Operating System512 GB SSD39.62 cm (15.6 inch) Display1 Year Onsite Warranty,4.1
AXL Intel Celeron Dual Core 9th Gen - (4 GB/256 GB SSD/Windows 11 Home) 15W_LAP02 Thin and Light Lapto...,"₹16,970",Intel Celeron Dual Core Processor (9th Gen)4 GB DDR4 RAMWindows 11 Operating System256 GB SSD39.62 cm (15.6 inch) Display1 Year,4
CHUWI Intel Core i3 12th Gen Intel Core i3-1215U - (12 GB/512 GB SSD/Windows 11 Home) FreeBook 2 in 1 ...,"₹27,990","Display: 13.5"" Ultra HD 2K 3:2 touchscreen displayProcessor: Cutting-edge Intel i3 12th Gen processor, LPDDR4 12GB RAM, 512GB SSD StorageGraphics: Intel integrated UHD Graphics GPU2 in 1 Tablet Notebook360-degree foldable screenBluetooth: 5.23 Type-C interfaces :- PD Fast charging, USB 3.0 data transmission, USB 2.0 data Transmission1MP HD CamCompact and PortableIntel Core i3 Processor (12th Gen)12 GB LPDDR4 RAM64 bit Windows 11 Home Operating System512 GB SSD34.29 cm (13.5 inch) Touchscreen DisplayOperating System Software1 Year Onsite Warranty",4.2
MSI GF63 Intel Core i5 11th Gen 11260H - (16 GB/1 TB HDD/256 GB SSD/Windows 11 Home/4 GB Graphics/NVID...,"₹50,990",Intel Core i5 Processor (11th Gen)16 GB DDR4 RAMWindows 11 Operating System1 TB HDD|256 GB SSD39.62 cm (15.6 Inch) Display2 Year Carry-in Warranty,4.3
Acer Aspire 7 Intel Core i5 12th Gen 12450H - (8 GB/512 GB SSD/Windows 11 Home/4 GB Graphics/NVIDIA Ge...,"₹49,990",Intel Core i5 Processor (12th Gen)8 GB DDR4 RAMWindows 11 Operating System512 GB SSD39.62 cm (15.6 Inch) Display1 Year Onsite Warranty,4.2
Infinix Inbook Y2 Plus Intel Core i5 11th Gen 1155G7 - (16 GB/512 GB SSD/Windows 11 Home) XL29 Thin an...,"₹34,990",Intel Core i5 Processor (11th Gen)16 GB LPDDR4X RAM64 bit Windows 11 Operating System512 GB SSD39.62 cm (15.6 inch) DisplayNA1 Year Onsite Warranty,4.1
ZEBRONICS Pro Series Z Intel Core i5 12th Gen 1235U - (8 GB/512 GB SSD/Windows 11 Home) ZEB-NBC 4S Thi...,"₹31,990",Intel Core i5 Processor (12th Gen)8 GB DDR4 RAMWindows 11 Operating System512 GB SSD39.62 cm (15.6 Inch) Display1 Year Carry-in Warranty,3.8
CHUWI Intel Core i3 10th Gen 1005G1 - (8 GB/512 GB SSD/Windows 11 Home) CoreBook X Grey Laptop,"₹24,990","Stylish, Thin and Portable Light Weight Laptop
Processor: Intel Core i3-1005G1 (Base 1.20 GHz & Turbo upto 3.40 GHz) 2 Cores
RAM/Storage: 8GB DDR4, 512GB SSD
Display: 14.0"" FHD 280 nits
Touchpad: Larger Touchpad with easy control
Keyboard: Chiclet keyboard keysIntel Core i3 Processor (10th Gen)8 GB DDR4 RAM64 bit Windows 11 Operating System512 GB SSD35.56 cm (14 inch) DisplayWPS Office, Operating System Software1 Year Onsite Warranty",4.1
ASUS Vivobook 15 Intel Core i5 12th Gen 1235U - (16 GB/512 GB SSD/Windows 11 Home) X1502ZA-EJ545WS Thi...,"₹49,990",Intel Core i5 Processor (12th Gen)16 GB DDR4 RAMWindows 11 Operating System512 GB SSD39.62 cm (15.6 Inch) Display1 Year Onsite Warranty,4.1
Lenovo LOQ Intel Core i5 12th Gen 12450H - (16 GB/512 GB SSD/Windows 11 Home/4 GB Graphics/NVIDIA GeFo...,"₹59,990",Intel Core i5 Processor (12th Gen)16 GB DDR5 RAMWindows 11 Operating System512 GB SSD39.62 cm (15.6 inch) Display1 Year Onsite Warranty,4.1
ASUS Vivobook S14 OLED Intel EVO H-Series Intel Core i5 12th Gen 12500H - (16 GB/512 GB SSD/Windows 11...,"₹66,990",Intel Core i5 Processor (12th Gen)16 GB DDR4 RAM64 bit Windows 11 Operating System512 GB SSD35.56 cm (14 Inch) Display1 Year Onsite Warranty,4.4
HP Intel Celeron Dual Core N4500 - (8 GB/512 GB SSD/Windows 11 Home) 15s- fq3066TU Thin and Light Lapt...,"₹28,990",Intel Celeron Dual Core Processor8 GB DDR4 RAMWindows 11 Operating System512 GB SSD39.62 cm (15.6 inch) Display1 Year Onsite Warranty,3.8
MSI GF63 Intel Core i5 11th Gen 11260H - (16 GB/512 GB SSD/Windows 11 Home/4 GB Graphics/NVIDIA GeForc...,"₹46,990",Intel Core i5 Processor (11th Gen)16 GB DDR4 RAMWindows 11 Operating System512 GB SSD39.62 cm (15.6 Inch) Display2 Year Carry-in Warranty,4.2
HP 15s Intel Core i5 12th Gen 1235U - (16 GB/512 GB SSD/Windows 11 Home) 15s-fq5112TU Thin and Light L...,"₹53,990",Intel Core i5 Processor (12th Gen)16 GB DDR4 RAM64 bit Windows 11 Operating System512 GB SSD39.62 cm (15.6 inch) Display1 Year Onsite Warranty,4.1
Lenovo IdeaPad Slim 3 Intel Core i3 12th Gen 1215U - (8 GB/256 GB SSD/Windows 11 Home) 15IAU7 Thin and...,"₹34,990",Intel Core i3 Processor (12th Gen)8 GB DDR4 RAMWindows 11 Operating System256 GB SSD39.62 cm (15.6 inch) DisplayMicrosoft Office Home & Student 20211 Year Carry-in Warranty,4.1
"ASUS Vivobook Pro 15 For Creator, AMD Ryzen 5 Hexa Core 5600HS - (8 GB/512 GB SSD/Windows 11 Home/4 GB...","₹48,990",AMD Ryzen 5 Hexa Core Processor8 GB DDR4 RAMWindows 11 Operating System512 GB SSD39.62 cm (15.6 Inch) Display1 Year Onsite Warranty,4.4
ASUS Zenbook 14X OLED AMD Ryzen 7 Octa Core 5800HS - (16 GB/1 TB SSD/Windows 11 Home) UM5401QA-KM751WS...,"₹70,990",AMD Ryzen 7 Octa Core Processor16 GB LPDDR4X RAMWindows 11 Operating System1 TB SSD35.56 cm (14 Inch) Display1 Year Onsite Warranty,4.4
MSI GF63 Intel Core i5 12th Gen 12450H - (16 GB/1 TB HDD/256 GB SSD/Windows 11 Home/6 GB Graphics/NVID...,"₹69,990",Intel Core i5 Processor (12th Gen)16 GB DDR4 RAMWindows 11 Operating System1 TB HDD|256 GB SSD39.62 cm (15.6 Inch) Display2 Year Carry-in Warranty,4.5
Lenovo Intel Core i7 12th Gen 1255U - (16 GB/512 GB SSD/Windows 11 Home) ThinkBook 15 G4 Thin and Ligh...,"₹57,990",Intel Core i7 Processor (12th Gen)16 GB DDR4 RAMWindows 11 Operating System512 GB SSD39.62 cm (15.6 Inch) Display1 Year Onsite Premium Support,4.1
ASUS Vivobook S 14 Flip (2022) AMD Ryzen 5 Hexa Core 5600HS - (8 GB/512 GB SSD/Windows 11 Home) TN3402...,"₹52,990",AMD Ryzen 5 Hexa Core Processor8 GB DDR4 RAMWindows 11 Operating System512 GB SSD35.56 cm (14 inch) Touchscreen Display1 Year Onsite Warranty,4.4
ASUS Vivobook Go 15 Intel Celeron Dual Core N4020 - (8 GB/256 GB SSD/Windows 11 Home) E510MA-EJ011WS T...,"₹24,990",Intel Celeron Dual Core Processor8 GB DDR4 RAMWindows 11 Operating System256 GB SSD39.62 cm (15.6 Inch) Display1 Year Onsite Warranty,4
ASUS Vivobook S 15 OLED (2023) Intel EVO H-Series Intel Core i5 13th Gen 13500H - (16 GB/512 GB SSD/Wi...,"₹82,990",Intel Core i5 Processor (13th Gen)16 GB LPDDR5 RAMWindows 11 Operating System512 GB SSD39.62 cm (15.6 Inch) Display1 Year Onsite Warranty,4.3
Lenovo IdeaPad Slim 3 Intel Core i3 12th Gen 1215U - (8 GB/256 GB SSD/Windows 11 Home) 15IAU7 Thin and...,"₹32,990",Intel Core i3 Processor (12th Gen)8 GB DDR4 RAMWindows 11 Operating System256 GB SSD39.62 cm (15.6 Inch) Display1 Year Carry-in Warranty,4.1
HP AMD Ryzen 3 Quad Core 5300U - (8 GB/512 GB SSD/Windows 11 Home) fq1089au Thin and Light Laptop,"₹34,780",AMD Ryzen 3 Quad Core Processor8 GB DDR4 RAM64 bit Windows 11 Operating System512 GB SSD35.56 cm (14 Inch) Display1 Year onsite warranty,4.3
ZEBRONICS Pro Series Z Intel Core i7 12th Gen 1255U - (16 GB/1 TB SSD/Windows 11 Home) ZEB-NBC 5S Thin...,"₹43,990",Intel Core i7 Processor (12th Gen)16 GB DDR4 RAMWindows 11 Operating System1 TB SSD39.62 cm (15.6 inch) Display1 Year Carry-in Warranty,3.9
MSI Modern 14 Intel Core i5 11th Gen 1155G7 - (16 GB/512 GB SSD/Windows 11 Home) Modern 14 C11M-029IN ...,"₹36,990",Intel Core i5 Processor (11th Gen)16 GB DDR4 RAMWindows 11 Operating System512 GB SSD35.56 cm (14 Inch) Display1 Year Carry-in warranty,4.2
Acer Aspire 3 AMD Ryzen 5 Quad Core 7520U - (8 GB/512 GB SSD/Windows 11 Home) A315-24P Thin and Light ...,"₹34,990",AMD Ryzen 5 Quad Core Processor8 GB LPDDR5 RAM64 bit Windows 11 Operating System512 GB SSD39.62 cm (15.6 Inch) Display1 Year International Travelers Warranty,4
CHUWI Intel Core i3 12th Gen Intel Core i3-1215U - (12 GB/512 GB SSD/Windows 11 Home) FreeBook 2 in 1 ...,"₹27,990","Display: 13.5"" Ultra HD 2K 3:2 touchscreen displayProcessor: Cutting-edge Intel i3 12th Gen processor, LPDDR4 12GB RAM, 512GB SSD StorageGraphics: Intel integrated UHD Graphics GPU2 in 1 Tablet Notebook360-degree foldable screenBluetooth: 5.23 Type-C interfaces :- PD Fast charging, USB 3.0 data transmission, USB 2.0 data Transmission1MP HD CamCompact and PortableIntel Core i3 Processor (12th Gen)12 GB LPDDR4 RAM64 bit Windows 11 Home Operating System512 GB SSD34.29 cm (13.5 inch) Touchscreen DisplayOperating System Software1 Year Onsite Warranty",4.2
CHUWI Intel Core i3 10th Gen 1005G1 - (8 GB/512 GB SSD/Windows 11 Home) CoreBook X Grey Laptop,"₹24,990","Stylish, Thin and Portable Light Weight Laptop
Processor: Intel Core i3-1005G1 (Base 1.20 GHz & Turbo upto 3.40 GHz) 2 Cores
RAM/Storage: 8GB DDR4, 512GB SSD
Display: 14.0"" FHD 280 nits
Touchpad: Larger Touchpad with easy control
Keyboard: Chiclet keyboard keysIntel Core i3 Processor (10th Gen)8 GB DDR4 RAM64 bit Windows 11 Operating System512 GB SSD35.56 cm (14 inch) DisplayWPS Office, Operating System Software1 Year Onsite Warranty",4.1
ASUS Intel Core i5 12th Gen - (16 GB/512 GB SSD/Windows 11 Home) X1502ZA-EJ544WS Laptop,"₹52,990",Intel Core i5 Processor (12th Gen)16 GB DDR4 RAMWindows 11 Home Operating System512 GB SSD39.62 cm (15.6 inch) Display1 Year,4
Acer Aspire Lite AMD Ryzen 5 Hexa Core 5500U - (8 GB/512 GB SSD/Windows 11 Home) AL15-41 Thin and Ligh...,"₹34,790",AMD Ryzen 5 Hexa Core Processor8 GB DDR4 RAMWindows 11 Operating System512 GB SSD39.62 cm (15.6 inch) Display1 Year Onsite warranty,4.4
HP Intel Core i3 12th Gen 1215U - (8 GB/512 GB SSD/Windows 11 Home) 14s - dy5008TU Thin and Light Lapt...,"₹38,490",Intel Core i3 Processor (12th Gen)8 GB DDR4 RAM64 bit Windows 11 Operating System512 GB SSD35.56 cm (14 Inch) Display1 Year Onsite Warranty,4.3
Infinix Inbook Y1 Plus Intel Core i5 10th Gen 1035G1 - (8 GB/512 GB SSD/Windows 11 Home) XL28 Thin and...,"₹27,990",Intel Core i5 Processor (10th Gen)8 GB LPDDR4X RAMWindows 11 Operating System512 GB SSD39.62 cm (15.6 inch) Display1 Year Onsite Warranty,4.2
HP Victus AMD Ryzen 5 Hexa Core 5600H - (16 GB/512 GB SSD/Windows 11 Home/4 GB Graphics/NVIDIA GeForce...,"₹59,990",AMD Ryzen 5 Hexa Core Processor16 GB DDR4 RAMWindows 11 Operating System512 GB SSD39.62 cm (15.6 Inch) Display1 Year Onsite Warranty,4.3
HP Victus Intel Core i5 12th Gen 12450H - (16 GB/512 GB SSD/Windows 11 Home/4 GB Graphics/NVIDIA GeFor...,"₹67,990",Intel Core i5 Processor (12th Gen)16 GB DDR4 RAMWindows 11 Operating System512 GB SSD39.62 cm (15.6 Inch) Display1 Year Onsite Warranty,4.3
Lenovo Yoga Slim 6 Intel Evo Intel Core i5 12th Gen 1240P - (16 GB/512 GB SSD/Windows 11 Home) 14IAP8 ...,"₹65,190",Intel Core i5 Processor (12th Gen)16 GB LPDDR5 RAMWindows 11 Operating System512 GB SSD35.56 cm (14 inch) Display1 Year Carry-in Warranty,4.2
ASUS Vivobook 15 Intel Core i3 11th Gen 1115G4 - (8 GB/512 GB SSD/Windows 11 Home) X515EA-EJ322WS | X5...,"₹31,990",Intel Core i3 Processor (11th Gen)8 GB DDR4 RAM64 bit Windows 11 Operating System512 GB SSD39.62 cm (15.6 Inch) Display1 Year Onsite Warranty,4.3
HP Victus Intel Core i5 11th Gen 11400H - (16 GB/512 GB SSD/Windows 11 Home/4 GB Graphics/NVIDIA GeFor...,"₹65,990",Intel Core i5 Processor (11th Gen)16 GB DDR4 RAMWindows 11 Operating System512 GB SSD40.89 cm (16.1 Inch) Display1 Year Onsite Warranty,4.3
Lenovo IdeaPad Slim 3 Intel Core i5 11th Gen 1135G7 - (16 GB/512 GB SSD/Windows 11 Home) 15ITL6 Thin a...,"₹49,980",Intel Core i5 Processor (11th Gen)16 GB DDR4 RAMWindows 11 Operating System512 GB SSD39.62 cm (15.6 inch) Display1 Year Onsite Warranty + 1 Year ADP,4.4
MSI GF63 Intel Core i7 11th Gen 11800H - (16 GB/1 TB HDD/256 GB SSD/Windows 11 Home/4 GB Graphics/NVID...,"₹57,990",Intel Core i7 Processor (11th Gen)16 GB DDR4 RAMWindows 11 Operating System1 TB HDD|256 GB SSD39.62 cm (15.6 Inch) Display2 Year Carry-in Warranty,3.6
HP Intel Intel Core i5 11th Gen 1155G7 - (8 GB/512 GB SSD/Windows 11 Home) 15s- fr4000TU Thin and Ligh...,"₹47,980",Intel Core i5 Processor (11th Gen)8 GB DDR4 RAM64 bit Windows 11 Operating System512 GB SSD39.62 cm (15.6 Inch) Display1 Year Onsite Warranty,4.3
ASUS TUF Gaming F15 - AI Powered Gaming Intel Core i5 11th Gen 11400H - (8 GB/512 GB SSD/Windows 11 Ho...,"₹49,990",Intel Core i5 Processor (11th Gen)8 GB DDR4 RAMWindows 11 Operating System512 GB SSD39.62 cm (15.6 Inch) Display1 Year Onsite Warranty,4.1
CHUWI Intel Celeron Dual Core 10th Gen N4020 - (4 GB/128 GB SSD/Windows 11 Home) HeroBook Air Laptop,"₹14,990","Fan-less Design
(Low Power Consumption)4x faster than eMMCM.2 port for easy DIY upgradesLPDDR4 4GB RAMIntel 9th generation UHD GraphicsSupport 4K/60 Frames HDIntel Celeron Dual Core Processor (10th Gen)4 GB LPDDR4 RAM64 bit Windows 11 Operating System128 GB SSD29.46 cm (11.6 inch) DisplayOperating System Software1 Year Onsite Warranty",4.5
ASUS Vivobook 15 Intel Core i3 12th Gen 1215U - (16 GB/512 GB SSD/Windows 11 Home) X1502ZA-EJ993WS Thi...,"₹39,990",Intel Core i3 Processor (12th Gen)16 GB DDR4 RAMWindows 11 Operating System512 GB SSD39.62 cm (15.6 Inch) Display1 Year Onsite Warranty,3.7
Infinix X2 Slim Intel Intel Core i5 11th Gen 1155G7 - (16 GB/512 GB SSD/Windows 11 Home) XL23 Thin and...,"₹34,990",Intel Core i5 Processor (11th Gen)16 GB LPDDR4X RAM64 bit Windows 11 Operating System512 GB SSD35.56 cm (14 inch) DisplayNA1 year Onsite Warranty,4.2
HP Pavilion Plus Intel Core i5 13th Gen 1340P - (16 GB/512 GB SSD/Windows 11 Home) 14-eh1022TU Thin an...,"₹71,990",Intel Core i5 Processor (13th Gen)16 GB LPDDR5 RAMWindows 11 Operating System512 GB SSD35.56 cm (14 Inch) Display1 Year Onsite Warranty,4
ZEBRONICS Pro Series Z Intel Core i3 12th Gen 1215U - (8 GB/512 GB SSD/Windows 11 Home) ZEB-NBC 3S Thi...,"₹25,990",Intel Core i3 Processor (12th Gen)8 GB DDR4 RAMWindows 11 Operating System512 GB SSD39.62 cm (15.6 Inch) Display1 Year Carry-in Warranty,4
HP Pavilion Plus Intel Core i5 13th Gen 1340P - (16 GB/512 GB SSD/Windows 11 Home) 14-eh1022TU Thin an...,"₹71,990",Intel Core i5 Processor (13th Gen)16 GB LPDDR5 RAMWindows 11 Operating System512 GB SSD35.56 cm (14 Inch) Display1 Year Onsite Warranty,4.5
AXL Intel Celeron Dual Core 9th Gen - (4 GB/256 GB SSD/Windows 11 Home) 15W_LAP02 Thin and Light Lapto...,"₹16,970",Intel Celeron Dual Core Processor (9th Gen)4 GB DDR4 RAMWindows 11 Operating System256 GB SSD39.62 cm (15.6 inch) Display1 Year,4
CHUWI Intel Core i3 12th Gen Intel Core i3-1215U - (12 GB/512 GB SSD/Windows 11 Home) FreeBook 2 in 1 ...,"₹27,990","Display: 13.5"" Ultra HD 2K 3:2 touchscreen displayProcessor: Cutting-edge Intel i3 12th Gen processor, LPDDR4 12GB RAM, 512GB SSD StorageGraphics: Intel integrated UHD Graphics GPU2 in 1 Tablet Notebook360-degree foldable screenBluetooth: 5.23 Type-C interfaces :- PD Fast charging, USB 3.0 data transmission, USB 2.0 data Transmission1MP HD CamCompact and PortableIntel Core i3 Processor (12th Gen)12 GB LPDDR4 RAM64 bit Windows 11 Home Operating System512 GB SSD34.29 cm (13.5 inch) Touchscreen DisplayOperating System Software1 Year Onsite Warranty",4.2
ASUS Vivobook Go 15 (2023) AMD Ryzen 3 Quad Core 7320U - (8 GB/512 GB SSD/Windows 11 Home) E1504FA-NJ3...,"₹33,990",AMD Ryzen 3 Quad Core Processor8 GB LPDDR5 RAMWindows 11 Operating System512 GB SSD39.62 cm (15.6 Inch) Display1 Year Onsite Warranty,4.2
Infinix X2 Slim Intel Intel Core i5 11th Gen 1155G7 - (16 GB/512 GB SSD/Windows 11 Home) XL23 Thin and...,"₹34,990",Intel Core i5 Processor (11th Gen)16 GB LPDDR4X RAM64 bit Windows 11 Operating System512 GB SSD35.56 cm (14 inch) DisplayNA1 year Onsite Warranty,4.1
Acer Nitro 5 Intel Core i7 12th Gen 12650H - (16 GB/512 GB SSD/Windows 11 Home/6 GB Graphics/NVIDIA Ge...,"₹94,990",Intel Core i7 Processor (12th Gen)16 GB DDR5 RAMWindows 11 Operating System512 GB SSD39.62 cm (15.6 Inch) Display1 Year International Travelers Warranty (ITW),4.4
Lenovo AMD Ryzen 7 Octa Core 7730U - (8 GB/512 GB SSD/Windows 11 Home) ThinkBook 15 G5 Thin and Light ...,"₹39,990",AMD Ryzen 7 Octa Core Processor8 GB DDR4 RAMWindows 11 Operating System512 GB SSD39.62 cm (15.6 Inch) Display1 Year Onsite Warranty,4.2
CHUWI Intel Core i3 10th Gen 1005G1 - (8 GB/512 GB SSD/Windows 11 Home) CoreBook X Grey Laptop,"₹24,990","Stylish, Thin and Portable Light Weight Laptop
Processor: Intel Core i3-1005G1 (Base 1.20 GHz & Turbo upto 3.40 GHz) 2 Cores
RAM/Storage: 8GB DDR4, 512GB SSD
Display: 14.0"" FHD 280 nits
Touchpad: Larger Touchpad with easy control
Keyboard: Chiclet keyboard keysIntel Core i3 Processor (10th Gen)8 GB DDR4 RAM64 bit Windows 11 Operating System512 GB SSD35.56 cm (14 inch) DisplayWPS Office, Operating System Software1 Year Onsite Warranty",4.1
ASUS Vivobook AMD R5 5600H AMD Ryzen 5 Hexa Core - (16 GB/512 GB SSD/Windows 11 Home) M1603QA-MB512WS ...,"₹52,400",AMD Ryzen 5 Hexa Core Processor16 GB DDR4 RAMWindows 11 Operating System512 GB SSD40.64 cm (16 inch) Display1 year Warranty,4.3
MSI Katana 15 Intel Core i7 12th Gen 12650H - (16 GB/1 TB SSD/Windows 11 Home/6 GB Graphics/NVIDIA GeF...,"₹89,990",Intel Core i7 Processor (12th Gen)16 GB DDR5 RAMWindows 11 Operating System1 TB SSD39.62 cm (15.6 Inch) Display2 Year Carry-in Warranty,4.5
MSI Modern 14 Intel Core i7 13th Gen 1355U - (16 GB/512 GB SSD/Windows 11 Home) Modern 14 C13M-435IN T...,"₹64,990",Intel Core i7 Processor (13th Gen)16 GB DDR4 RAMWindows 11 Operating System512 GB SSD35.56 cm (14 Inch) Display1 Year Carry-in Warranty,4.3
ZEBRONICS Pro Series Y Intel Core i5 11th Gen 1155G7 - (16 GB/512 GB SSD/Windows 11 Home) ZEB-NBC 2S T...,"₹28,990",Intel Core i5 Processor (11th Gen)16 GB LPDDR4X RAM64 bit Windows 11 Operating System512 GB SSD39.62 cm (15.6 inch) Display1 Year Carry Into Service Centre,4
HP OMEN Intel Core i5 13th Gen 13420H - (16 GB/512 GB SSD/Windows 11 Home/6 GB Graphics/NVIDIA GeForce...,"₹89,990",Intel Core i5 Processor (13th Gen)16 GB DDR5 RAMWindows 11 Operating System512 GB SSD40.89 cm (16.1 Inch) Display1 Year Onsite Warranty,4.4
DELL Intel Core i5 12th Gen 1235U - (16 GB/512 GB SSD/Windows 11 Home) Inspiron 3520 Thin and Light La...,"₹51,489",Intel Core i5 Processor (12th Gen)16 GB DDR4 RAMWindows 11 Operating System512 GB SSD39.62 cm (15.6 Inch) Display1 Year Onsite Hardware Service,3.9
HP 255 G9 840T7PA AMD Athlon Dual Core 3050U - (4 GB/256 GB SSD/DOS) 255 G8 Thin and Light Laptop,"₹19,989",AMD Athlon Dual Core Processor4 GB DDR4 RAMDOS Operating System256 GB SSD39.62 cm (15.6 Inch) Display1 Year Onsite Warranty,4.3
ASUS VivoBook K15 OLED (2022) Intel Core i5 11th Gen 1135G7 - (16 GB/1 TB HDD/256 GB SSD/Windows 10 Ho...,"₹55,650","Intel Core i5 Processor (11th Gen)16 GB DDR4 RAM64 bit Windows 10 Operating System1 TB HDD|256 GB SSD39.62 cm (15.6 inch) DisplayMicrosoft Office Home and Student 2019, AppDeals, Splendid, Tru2Life, Link to MyASUS1 Year Onsite Warranty",3.8
ZEBRONICS Pro Series Y Intel Core i3 11th Gen 1125G4 - (8 GB/512 GB SSD/Windows 11 Home) ZEB-NBC 1S Th...,"₹23,990",Intel Core i3 Processor (11th Gen)8 GB LPDDR4X RAMWindows 11 Operating System512 GB SSD39.62 cm (15.6 inch) Display1 Year Carry-in Warranty,4.1
DELL Inspiron Intel Core i5 12th Gen Core i5 - (8 GB/512 GB SSD/Windows 11 Home) 3520 Laptop,"₹47,450",Intel Core i5 Processor (12th Gen)8 GB DDR4 RAM64 bit Windows 11 Operating System512 GB SSD39.62 cm (15.6 inch) DisplayOffice Home & Student 20211 Year Onsite Warranty,4.7
Apple 2020 Macbook Air Apple M1 - (8 GB/256 GB SSD/Mac OS Big Sur) MGN63HN/A,"₹67,990","Apple M1 Processor8 GB DDR4 RAMMac OS Operating System256 GB SSD33.78 cm (13.3 inch) DisplayBuilt-in Apps: iMovie, Siri, GarageBand, Pages, Numbers, Photos, Keynote, Safari, Mail, FaceTime, Messages, Maps, Stocks, Home, Voice Memos, Notes, Calendar, Contacts, Reminders, Photo Booth, Preview, Books, App Store, Time Machine, TV, Music, Podcasts, Find My, QuickTime Player1 Year Limited Warra­nty",4.5
ASUS VivoBook K15 OLED (2022) Intel Core i3 11th Gen 1115G4 - (8 GB/512 GB SSD/Windows 11 Home) K513EA...,"₹42,990",Intel Core i3 Processor (11th Gen)8 GB DDR4 RAM64 bit Windows 11 Operating System512 GB SSD39.62 cm (15.6 inch) DisplayOffice Home and Student 20211 Year Onsite Warranty,4.1
Infinix X3 Slim Intel Intel Core i5 12th Gen 1235U - (16 GB/512 GB SSD/Windows 11 Home) XL422 Thin and...,"₹36,990",Intel Core i5 Processor (12th Gen)16 GB LPDDR4X RAMWindows 11 Operating System512 GB SSD35.56 cm (14 Inch) Display1 Year Onsite Warranty,4.4
"ASUS Vivobook Pro 15 For Creator, AMD Ryzen 5 Hexa Core 5600HS - (8 GB/512 GB SSD/Windows 11 Home/4 GB...","₹50,990",AMD Ryzen 5 Hexa Core Processor8 GB DDR4 RAMWindows 11 Operating System512 GB SSD39.62 cm (15.6 Inch) Display1 Year Onsite Warranty,5
Infinix Y1 Plus Neo Intel Intel Celeron Quad Core 11th Gen JSL N5100 - (8 GB/512 GB SSD/Windows 11 Hom...,"₹22,990",Intel Celeron Quad Core Processor (11th Gen)8 GB LPDDR4X RAMWindows 11 Operating System512 GB SSD39.01 cm (15.36 inch) Display1 Year Onsite Warranty,4.1
ZEBRONICS Pro Series Z Intel Core i5 12th Gen 1235U - (16 GB/512 GB SSD/Windows 11 Home) ZEB-NBC 4S Th...,"₹32,990",Intel Core i5 Processor (12th Gen)16 GB DDR4 RAMWindows 11 Operating System512 GB SSD39.62 cm (15.6 Inch) Display1 Year Carry-in Warranty,3.8
Infinix X3 Slim Intel Intel Core i7 12th Gen 1255U - (16 GB/512 GB SSD/Windows 11 Home) XL422 Thin and...,"₹43,990",Intel Core i7 Processor (12th Gen)16 GB LPDDR4X RAMWindows 11 Operating System512 GB SSD35.56 cm (14 Inch) Display1 Year Onsite Warranty,4.3
HP G9245 Silver 841w7paA AMD Ryzen 3 Dual Core AMD Ryzen 3 3250U - (8 GB/512 GB SSD/DOS) 245 G8 Laptop,"₹23,999",AMD Ryzen 3 Dual Core Processor8 GB DDR4 RAMDOS Operating System512 GB SSD35.56 cm (14 inch) DisplayNA1 Year manufacturer Warranty,3.9
AXL Intel Celeron Dual Core 9th Gen - (4 GB/256 GB SSD/Windows 11 Home) 15W_LAP02 Thin and Light Lapto...,"₹16,970",Intel Celeron Dual Core Processor (9th Gen)4 GB DDR4 RAMWindows 11 Operating System256 GB SSD39.62 cm (15.6 inch) Display1 Year,4
CHUWI Intel Core i3 12th Gen Intel Core i3-1215U - (12 GB/512 GB SSD/Windows 11 Home) FreeBook 2 in 1 ...,"₹27,990","Display: 13.5"" Ultra HD 2K 3:2 touchscreen displayProcessor: Cutting-edge Intel i3 12th Gen processor, LPDDR4 12GB RAM, 512GB SSD StorageGraphics: Intel integrated UHD Graphics GPU2 in 1 Tablet Notebook360-degree foldable screenBluetooth: 5.23 Type-C interfaces :- PD Fast charging, USB 3.0 data transmission, USB 2.0 data Transmission1MP HD CamCompact and PortableIntel Core i3 Processor (12th Gen)12 GB LPDDR4 RAM64 bit Windows 11 Home Operating System512 GB SSD34.29 cm (13.5 inch) Touchscreen DisplayOperating System Software1 Year Onsite Warranty",4.2
HP Pavilion Intel Core i5 12th Gen 1235U - (16 GB/1 TB SSD/Windows 11 Home) 14-dv2153TU Thin and Light...,"₹65,490",Intel Core i5 Processor (12th Gen)16 GB DDR4 RAMWindows 11 Operating System1 TB SSD35.56 cm (14 inch) Display1 Year Onsite Warranty,4.3
Infinix ZEROBOOK 13 Intel Intel Core i7 13th Gen 13700H - (32 GB/1 TB SSD/Windows 11 Home) ZL513 Thin ...,"₹66,990",Intel Core i7 Processor (13th Gen)32 GB LPDDR5X RAMWindows 11 Operating System1 TB SSD39.62 cm (15.6 inch) Display1 Year Onsite Warranty,4.3
CHUWI Intel Core i3 10th Gen 1005G1 - (8 GB/512 GB SSD/Windows 11 Home) CoreBook X Grey Laptop,"₹24,990","Stylish, Thin and Portable Light Weight Laptop
Processor: Intel Core i3-1005G1 (Base 1.20 GHz & Turbo upto 3.40 GHz) 2 Cores
RAM/Storage: 8GB DDR4, 512GB SSD
Display: 14.0"" FHD 280 nits
Touchpad: Larger Touchpad with easy control
Keyboard: Chiclet keyboard keysIntel Core i3 Processor (10th Gen)8 GB DDR4 RAM64 bit Windows 11 Operating System512 GB SSD35.56 cm (14 inch) DisplayWPS Office, Operating System Software1 Year Onsite Warranty",4.1
ASUS Intel Core i5 11th Gen 1135G7 - (16 GB/512 GB SSD/Windows 11 Home) X1400EA-EK543WS Thin and Light...,"₹42,990",Intel Core i5 Processor (11th Gen)16 GB DDR4 RAMWindows 11 Operating System512 GB SSD35.56 cm (14 inch) Display1 Year Onsite Warranty,4.3
DELL AMD Ryzen 5 Hexa Core 5500U - (8 GB/512 GB SSD/Windows 11 Home) Vostro 3525 Laptop,"₹36,946",AMD Ryzen 5 Hexa Core Processor8 GB DDR4 RAMWindows 11 Operating System512 GB SSD39.62 cm (15.6 Inch) Display1 Year Onsite Hardware Service,4.1
DELL Inspiron Intel Core i7 12th Gen 1255U - (16 GB/512 GB SSD/Windows 11 Home/2 GB Graphics) Inspiron...,"₹82,990","Processor: Intel i7-1255U (Base- 3.50 GHz & Turbo up to 4.70 GHz) 10 CoresRAM & Storage: 16GB DDR4 & 512GB SSDGraphics & Keyboard: NVIDIAGeForceMX550 (2GB GDDR6) + Fingerprint ReaderDisplay: 14.0"" FHD+ WVA Truelife Touch Narrow Border 250 nits, Dell Active PenIntel Core i7 Processor (12th Gen)16 GB DDR4 RAM64 bit Windows 11 Operating System512 GB SSD35.56 cm (14 Inch) Touchscreen Display1 Year Onsite Hardware Service",4.4
Infinix Y4 Max Series Intel Core i5 13th Gen 1335U - (16 GB/512 GB SSD/Windows 11 Home) YL613 Thin and...,"₹43,990",Intel Core i5 Processor (13th Gen)16 GB LPDDR4X RAMWindows 11 Operating System512 GB SSD40.64 cm (16 inch) DisplayNA1 Year Onsite Warranty,4.1
Acer Aspire Lite Intel Core i5 12th Gen 1235U - (16 GB/512 GB SSD/Windows 11 Home) AL15-52 Thin and Li...,"₹44,750",Intel Core i5 Processor (12th Gen)16 GB DDR4 RAMWindows 11 Operating System512 GB SSD39.62 cm (15.6 Inch) Display1 Year Onsite warranty,4
Lenovo IdeaPad Slim 1 AMD Ryzen 3 Quad Core 7320U - (8 GB/512 GB SSD/Windows 11 Home) 15AMN7 Thin and ...,"₹33,990",AMD Ryzen 3 Quad Core Processor8 GB LPDDR5 RAMWindows 11 Operating System512 GB SSD39.62 cm (15.6 inch) Display1 Year Onsite warranty,4.3
ZEBRONICS Pro Series Y Intel Core i5 11th Gen 1155G7 - (16 GB/512 GB SSD/Windows 11 Home) ZEB-NBC 2S T...,"₹28,990",Intel Core i5 Processor (11th Gen)16 GB LPDDR4X RAMWindows 11 Operating System512 GB SSD39.62 cm (15.6 inch) Display1 Year Carry-in Warranty,4.2
ASUS TUF Gaming F15 (2022) Intel Core i7 12th Gen 12700H - (16 GB/1 TB SSD/Windows 11 Home/6 GB Graphi...,"₹1,02,000",Intel Core i7 Processor (12th Gen)16 GB DDR5 RAM64 bit Windows 11 Operating System1 TB SSD39.62 cm (15.6 inch) Display1 Year Onsite Warranty,4.1
HP 15s (2023) Intel Core i5 13th Gen 1335U - (8 GB/1 TB SSD/Windows 11 Home) 15-fd0012TU Thin and Ligh...,"₹58,990",Intel Core i5 Processor (13th Gen)8 GB DDR4 RAM64 bit Windows 11 Operating System1 TB SSD39.62 cm (15.6 Inch) Display1 Year Onsite Warranty,4.2
ASUS VivoBook 14 (2021) Intel Celeron Dual Core N4020 - (4 GB/256 GB SSD/Windows 11 Home) X415MA-BV011...,"₹25,790",Intel Celeron Dual Core Processor4 GB DDR4 RAM64 bit Windows 11 Operating System256 GB SSD35.56 cm (14 inch) Display1 Year Onsite Warranty,4.2
Infinix INBook X1 Neo Series Intel Celeron Quad Core N5100 - (8 GB/256 GB SSD/Windows 11 Home) XL22 Th...,"₹24,990",Intel Celeron Quad Core Processor8 GB LPDDR4X RAM64 bit Windows 11 Operating System256 GB SSD35.56 cm (14 inch) Display1 Year Onsite Warranty,4.3
ASUS Vivobook 14 Intel Core i3 11th Gen 1115G4 - (8 GB/512 GB SSD/Windows 11 Home) X415EA-EK326WS Thin...,"₹31,990",Intel Core i3 Processor (11th Gen)8 GB DDR4 RAMWindows 11 Operating System512 GB SSD35.56 cm (14 Inch) DisplayMicrosoft Office Home & Student 20211 Year Onsite Warranty,3.8
HP 15s (2023) Intel Core i7 13th Gen 1360P - (16 GB/512 GB SSD/Windows 11 Home) 15-fd0024TU Thin and L...,"₹78,490",Intel Core i7 Processor (13th Gen)16 GB DDR4 RAM64 bit Windows 11 Operating System512 GB SSD39.62 cm (15.6 Inch) Display1 Year Onsite Warranty,4.4
CHUWI Intel Core i3 12th Gen Intel Core i3-1215U - (12 GB/512 GB SSD/Windows 11 Home) FreeBook 2 in 1 ...,"₹27,990","Display: 13.5"" Ultra HD 2K 3:2 touchscreen displayProcessor: Cutting-edge Intel i3 12th Gen processor, LPDDR4 12GB RAM, 512GB SSD StorageGraphics: Intel integrated UHD Graphics GPU2 in 1 Tablet Notebook360-degree foldable screenBluetooth: 5.23 Type-C interfaces :- PD Fast charging, USB 3.0 data transmission, USB 2.0 data Transmission1MP HD CamCompact and PortableIntel Core i3 Processor (12th Gen)12 GB LPDDR4 RAM64 bit Windows 11 Home Operating System512 GB SSD34.29 cm (13.5 inch) Touchscreen DisplayOperating System Software1 Year Onsite Warranty",4.2
CHUWI Intel Core i3 10th Gen 1005G1 - (8 GB/512 GB SSD/Windows 11 Home) CoreBook X Grey Laptop,"₹24,990","Stylish, Thin and Portable Light Weight Laptop
Processor: Intel Core i3-1005G1 (Base 1.20 GHz & Turbo upto 3.40 GHz) 2 Cores
RAM/Storage: 8GB DDR4, 512GB SSD
Display: 14.0"" FHD 280 nits
Touchpad: Larger Touchpad with easy control
Keyboard: Chiclet keyboard keysIntel Core i3 Processor (10th Gen)8 GB DDR4 RAM64 bit Windows 11 Operating System512 GB SSD35.56 cm (14 inch) DisplayWPS Office, Operating System Software1 Year Onsite Warranty",4.1
ASUS Vivobook S 14 Intel EVO H-Series Intel Core i5 12th Gen 12500H - (16 GB/512 GB SSD/Windows 11 Hom...,"₹59,990",Intel Core i5 Processor (12th Gen)16 GB DDR4 RAMWindows 11 Operating System512 GB SSD35.56 cm (14 inch) Display1 Year Onsite Warranty,4.3
Apple 2020 Macbook Air Apple M1 - (8 GB/256 GB SSD/Mac OS Big Sur) MGND3HN/A,"₹67,990","Apple M1 Processor8 GB DDR4 RAMMac OS Operating System256 GB SSD33.78 cm (13.3 inch) DisplayBuilt-in Apps: iMovie, Siri, GarageBand, Pages, Numbers, Photos, Keynote, Safari, Mail, FaceTime, Messages, Maps, Stocks, Home, Voice Memos, Notes, Calendar, Contacts, Reminders, Photo Booth, Preview, Books, App Store, Time Machine, TV, Music, Podcasts, Find My, QuickTime Player1 Year Limited Warra­nty",4.7
Lenovo V15 AMD Ryzen 3 Quad Core 5300U - (8 GB/256 GB SSD/16 GB EMMC Storage/Windows 11 Home) V15 Busi...,"₹29,990",AMD Ryzen 3 Quad Core Processor8 GB DDR4 RAMWindows 11 Operating System256 GB SSD39.62 cm (15.6 Inch) Display1 Year Onsite Warranty,3.5
Lenovo IdeaPad Flex 5 Intel Core i3 13th Gen 1315U - (8 GB/512 GB SSD/Windows 11 Home) 14IRU8 2 in 1 L...,"₹59,190",Intel Core i3 Processor (13th Gen)8 GB LPDDR4X RAMWindows 11 Operating System512 GB SSD35.56 cm (14 Inch) Touchscreen Display1 Year Onsite Premium Support with 1 Year Onsite Warranty,4.5
Lenovo Lenovo V15 Intel Celeron Dual Core 4th Gen - (8 GB/256 GB SSD/Windows 11 Home) 82QYA00MIN Lapto...,"₹24,990",Intel Celeron Dual Core Processor (4th Gen)8 GB DDR4 RAM64 bit Windows 11 Operating System256 GB SSD39.62 cm (15.6 inch) Display1 Years,4
ASUS Vivobook Go 14 (2023) AMD Ryzen 3 Quad Core 7320U - (8 GB/512 GB SSD/Windows 11 Home) E1404FA-NK3...,"₹35,091",AMD Ryzen 3 Quad Core Processor8 GB LPDDR5 RAMWindows 11 Operating System512 GB SSD35.56 cm (14 Inch) Display1 Year Onsite Warranty,4.5
Lenovo IdeaPad Slim 3 Intel Intel Celeron Dual Core N4020 - (8 GB/256 GB SSD/Windows 11 Home) 15IGL05 ...,"₹26,790",Intel Celeron Dual Core Processor8 GB DDR4 RAM64 bit Windows 11 Operating System256 GB SSD39.62 cm (15.6 Inch) Display2 Years On-Site Warranty,3.8
ASUS Vivobook Go 15 (2023) AMD Ryzen 3 Quad Core 7320U - (8 GB/512 GB SSD/Windows 11 Home) E1504FA-NJ3...,"₹33,990",AMD Ryzen 3 Quad Core Processor8 GB LPDDR5 RAMWindows 11 Operating System512 GB SSD39.62 cm (15.6 Inch) Display1 Year Onsite Warranty,4.2
HP AMD Ryzen 7 Octa Core 5700U - (16 GB/512 GB SSD/Windows 11 Home) 15s- ey2001au Thin and Light Lapto...,"₹54,990",AMD Ryzen 7 Octa Core Processor16 GB DDR4 RAMWindows 11 Operating System512 GB SSD39.62 cm (15.6 Inch) Display1 Year Onsite Warranty,4.2
Infinix INBook X2 Plus Intel Core i5 11th Gen 1155G7 - (16 GB/512 GB SSD/Windows 11 Home) XL25 Thin an...,"₹52,990",Intel Core i5 Processor (11th Gen)16 GB LPDDR4X RAM64 bit Windows 11 Operating System512 GB SSD39.62 cm (15.6 Inch) Display1 Year Onsite Warranty,4.3
ASUS TUF Gaming F15 with 90Whr Battery with 90WHr Battery Intel H-Series Intel Core i5 11th Gen 11400H...,"₹61,990",Intel Core i5 Processor (11th Gen)16 GB DDR4 RAMWindows 11 Operating System512 GB SSD39.62 cm (15.6 Inch) Display1 Year Onsite Warranty,4.8
DELL Inspiron Intel Core i5 12th Gen 1235U - (8 GB/512 GB SSD/Windows 11 Home) New Inspiron 15 Laptop ...,"₹47,969",Intel Core i5 Processor (12th Gen)8 GB DDR4 RAM64 bit Windows 11 Operating System512 GB SSD39.62 cm (15.6 Inch) Display1 Year Onsite Hardware Service,4
DELL Latitude 14 Intel Core i5 11th Gen - (16 GB/512 GB SSD/Ubuntu) 3420 Business Laptop,"₹38,780",Intel Core i5 Processor (11th Gen)16 GB DDR4 RAMLinux/Ubuntu Operating System512 GB SSD35.56 cm (14 inch) Display3 year domestic,3.7
Lenovo IdeaPad Gaming 3 Intel Core i5 11th Gen 11300H - (8 GB/512 GB SSD/Windows 11 Home/4 GB Graphics...,"₹49,990",Intel Core i5 Processor (11th Gen)8 GB DDR4 RAMWindows 11 Operating System512 GB SSD39.62 cm (15.6 Inch) Display1 Year Onsite Warranty,4.3
DELL Inspiron Intel Core i5 12th Gen 1235U - (8 GB/512 GB SSD/Windows 11 Home) New Inspiron 15 Laptop ...,"₹47,890",Intel Core i5 Processor (12th Gen)8 GB DDR4 RAM64 bit Windows 11 Operating System512 GB SSD39.62 cm (15.6 Inch) Display1 Year Onsite Hardware Service,4.4
MSI Modern 14 Intel Core i3 12th Gen 1215U - (8 GB/512 GB SSD/Windows 11 Home) Modern 14 C12M-445IN Th...,"₹30,990",Intel Core i3 Processor (12th Gen)8 GB DDR4 RAMWindows 11 Operating System512 GB SSD35.56 cm (14 Inch) Display1 Year Carry-in Warranty,4.3
WINGS Nuvobook V1 Aluminium Alloy Metal Body Intel Intel Core i5 11th Gen 1155G7 - (8 GB/512 GB SSD/Wi...,"₹24,990",Intel Core i5 Processor (11th Gen)8 GB DDR4 RAMWindows 11 Operating System512 GB SSD39.62 cm (15.6 Inch) Display1 Year Onsite Warranty,4.1
Infinix INBook X2 Plus Intel Core i3 11th Gen 1115G4 - (8 GB/256 GB SSD/Windows 11 Home) XL25 Thin and...,"₹25,990",Intel Core i3 Processor (11th Gen)8 GB LPDDR4X RAM64 bit Windows 11 Operating System256 GB SSD34.19 cm (13.46 inch) Display1 Year Onsite Warranty,4.2
Lenovo IdeaPad Gaming Intel Core i5 11th Gen 11320H - (16 GB/512 GB SSD/Windows 11 Home/4 GB Graphics/...,"₹62,990",Intel Core i5 Processor (11th Gen)16 GB DDR4 RAM64 bit Windows 11 Operating System512 GB SSD39.62 cm (15.6 inch) DisplayOffice Home and Student 20211 Year Carry-in Warranty,4.3
Infinix ZEROBOOK 13 Intel Intel Core i7 13th Gen 13700H - (16 GB/512 GB SSD/Windows 11 Home) ZL513 Thi...,"₹59,990",Intel Core i7 Processor (13th Gen)16 GB LPDDR5X RAMWindows 11 Operating System512 GB SSD99.06 cm (39 cm) Display1 Year Onsite Warranty,4.4
Lenovo Lenovo LOQ AI Powered AMD Ryzen 7 Octa Core 7840HS - (16 GB/512 GB SSD/Windows 11 Home/6 GB Gra...,"₹85,990",AMD Ryzen 7 Octa Core Processor16 GB DDR5 RAMWindows 11 Operating System512 GB SSD39.62 cm (15.6 Inch) DisplayMicrosoft Office Home & Student 20211 Year Onsite Warranty,4.3
CHUWI Intel Core i3 12th Gen Intel Core i3-1215U - (12 GB/512 GB SSD/Windows 11 Home) FreeBook 2 in 1 ...,"₹27,990","Display: 13.5"" Ultra HD 2K 3:2 touchscreen displayProcessor: Cutting-edge Intel i3 12th Gen processor, LPDDR4 12GB RAM, 512GB SSD StorageGraphics: Intel integrated UHD Graphics GPU2 in 1 Tablet Notebook360-degree foldable screenBluetooth: 5.23 Type-C interfaces :- PD Fast charging, USB 3.0 data transmission, USB 2.0 data Transmission1MP HD CamCompact and PortableIntel Core i3 Processor (12th Gen)12 GB LPDDR4 RAM64 bit Windows 11 Home Operating System512 GB SSD34.29 cm (13.5 inch) Touchscreen DisplayOperating System Software1 Year Onsite Warranty",4.2
CHUWI Intel Core i3 10th Gen 1005G1 - (8 GB/512 GB SSD/Windows 11 Home) CoreBook X Grey Laptop,"₹24,990","Stylish, Thin and Portable Light Weight Laptop
Processor: Intel Core i3-1005G1 (Base 1.20 GHz & Turbo upto 3.40 GHz) 2 Cores
RAM/Storage: 8GB DDR4, 512GB SSD
Display: 14.0"" FHD 280 nits
Touchpad: Larger Touchpad with easy control
Keyboard: Chiclet keyboard keysIntel Core i3 Processor (10th Gen)8 GB DDR4 RAM64 bit Windows 11 Operating System512 GB SSD35.56 cm (14 inch) DisplayWPS Office, Operating System Software1 Year Onsite Warranty",4.1
ASUS Vivobook Intel Celeron Dual Core N4020 - (8 GB/512 GB SSD/Windows 10 Home) X515MA-BR022WS Thin an...,"₹28,490","Intel Celeron Dual Core Processor8 GB DDR4 RAM64 bit Windows 11 Operating System512 GB SSD39.62 cm (15.6 inch) DisplaySplendid (All Models), Tru2Life (Intel Platform Models), AppDeals (All Models), Link to MyASUS (All Models, Bluetooth Needed)1 Year Onsite Warranty",4
Acer Aspire 7 (2023) Intel Core i5 12th Gen 12450H - (16 GB/512 GB SSD/Windows 11 Home/4 GB Graphics/N...,"₹57,990",Intel Core i5 Processor (12th Gen)16 GB DDR4 RAMWindows 11 Operating System512 GB SSD39.62 cm (15.6 Inch) Display1 Year Onsite Warranty,4.2
ASUS TUF Gaming F15 (2023) with 90WHr Battery Intel H-Series Intel Core i7 13th Gen 13700H - (16 GB/51...,"₹1,09,990",Intel Core i7 Processor (13th Gen)16 GB DDR4 RAMWindows 11 Operating System512 GB SSD39.62 cm (15.6 Inch) Display1 Year Onsite Warranty,4.5
ASUS TUF Gaming F15 Intel Core i5 10th Gen 10200H - (8 GB/512 GB SSD/Windows 11 Home/4 GB Graphics/NVI...,"₹50,500",Intel Core i5 Processor (10th Gen)8 GB DDR4 RAMWindows 11 Operating System512 GB SSD39.62 cm (15.6 inch) Display1 Year Onsite Warranty,4.4
ASUS Vivobook Pro 15 OLED AMD Ryzen 7 Octa Core AMD R7-4800H - (16 GB/512 GB SSD/Windows 11 Home/4 GB ...,"₹69,990",AMD Ryzen 7 Octa Core Processor16 GB DDR4 RAM64 bit Windows 11 Operating System512 GB SSD39.62 cm (15.6 Inch) Display1 Year Onsite Warranty,4.5
ASUS VivoBook K15 OLED AMD Ryzen 7 Octa Core AMD R7-5700U - (16 GB/512 GB SSD/Windows 11 Home) KM513UA...,"₹58,990",AMD Ryzen 7 Octa Core Processor16 GB DDR4 RAM64 bit Windows 11 Operating System512 GB SSD39.62 cm (15.6 Inch) Display1 Year onsite warranty,4.3
ASUS ROG Strix Scar 15 (2022) Intel Core i9 12th Gen 12900H - (32 GB/1 TB SSD/Windows 11 Home/8 GB Gra...,"₹1,92,999",Intel Core i9 Processor (12th Gen)32 GB DDR5 RAM64 bit Windows 11 Operating System1 TB SSD39.62 cm (15.6 inch) Display1 Year Onsite Warranty,4.7
ASUS Vivobook 15 Intel Core i3 12th Gen i3-1220P - (8 GB/512 GB SSD/Windows 11 Home) X1502ZA-EJ382WS L...,"₹42,500","Intel Core i3 Processor (12th Gen)8 GB DDR4 RAM64 bit Windows 11 Operating System512 GB SSD39.62 cm (15.6 inch) DisplayWindows 11, Microsoft Office H&S 2021, 1 Year McAfee1 Year Onsite Warranty",4.4
ASUS Vivobook 15 Intel Core i3 11th Gen 1115G4 - (8 GB/256 GB SSD/Windows 11 Home) X1500EA-EJ311W Thin...,"₹29,990",Intel Core i3 Processor (11th Gen)8 GB DDR4 RAMWindows 11 Operating System256 GB SSD39.62 cm (15.6 Inch) Display1 Year Onsite Warranty,4.2
ASUS Vivobook 14 Intel Core i3 11th Gen 1115G4 - (16 GB/512 GB SSD/Windows 11 Home) X415EA-EK344WS Thi...,"₹35,990",Intel Core i3 Processor (11th Gen)16 GB DDR4 RAMWindows 11 Operating System512 GB SSD35.56 cm (14 Inch) DisplayMicrosoft Office Home & Student 20211 Year Onsite Warranty,4.3
Lenovo Ideapad Slim 3 MediaTek Kompanio 520 - (4 GB/128 GB EMMC Storage/Chrome OS) 14M868 Chromebook,"₹22,090",MediaTek Kompanio 520 Processor4 GB LPDDR4X RAMChrome Operating System35.56 cm (14 Inch) Display1 Year Carry-in Warranty,4
DELL Latitude Intel Core i3 11th Gen 1115G4 - (8 GB/512 GB SSD/DOS) Latitude 3420 Business Laptop,"₹29,999",Intel Core i3 Processor (11th Gen)8 GB DDR4 RAM64 bit DOS Operating System512 GB SSD35.56 cm (14 inch) DisplayNo Software Included1 Year Onsite Warranty,4.3
MSI Katana 15 Intel Core i7 12th Gen 12650H - (16 GB/1 TB SSD/Windows 11 Home/8 GB Graphics/NVIDIA GeF...,"₹1,03,990",Intel Core i7 Processor (12th Gen)16 GB DDR5 RAMWindows 11 Operating System1 TB SSD39.62 cm (15.6 Inch) Display2 Year Carry-in Warranty,4.4
ASUS VivoBook Ultra 14 (2022) Intel Core i5 11th Gen 1135G7 - (16 GB/512 GB SSD/Windows 11 Home) X413E...,"₹55,990",Intel Core i5 Processor (11th Gen)16 GB DDR4 RAM64 bit Windows 11 Operating System512 GB SSD35.56 cm (14 inch) DisplayOffice Home and Student 20211 Year Onsite Warranty,4.3
ASUS Vivobook 16X AMD Ryzen 7 Octa Core 5800HS - (16 GB/512 GB SSD/Windows 11 Home) M1603QA-MB712WS No...,"₹55,250","AMD Ryzen 7 Octa Core Processor16 GB DDR4 RAM64 bit Windows 11 Operating System512 GB SSD40.64 cm (16 inch) DisplayWindows 11, Microsoft Office H&S 2021, 1 Year McAfee1 Year Onsite Warranty",4.3
DELL Intel Core i3 12th Gen 1215U - (8 GB/512 GB SSD/Windows 11 Home) Inspiron 3520 Laptop,"₹33,990",Intel Core i3 Processor (12th Gen)8 GB DDR4 RAMWindows 11 Operating System512 GB SSD39.62 cm (15.6 Inch) Display1 Year Onsite Warranty,4.4
ASUS Zenbook 14 Flip OLED Intel H-Series Intel Core i5 12th Gen 12500H - (16 GB/512 GB SSD/Windows 11 ...,"₹76,990",Intel Core i5 Processor (12th Gen)16 GB LPDDR5 RAMWindows 11 Operating System512 GB SSD35.56 cm (14 Inch) Touchscreen Display1 Year Onsite Warranty,4.1
HP Victus Intel Core i5 12th Gen 12450H - (8 GB/512 GB SSD/Windows 11 Home/4 GB Graphics/NVIDIA GeForc...,"₹58,990",Intel Core i5 Processor (12th Gen)8 GB DDR4 RAMWindows 11 Operating System512 GB SSD39.62 cm (15.6 inch) Display1 Year Onsite Warranty,4
DELL Intel Core i5 13th Gen 1335U - (16 GB/1 TB SSD/Windows 11 Home) Inspiron 3530 Thin and Light Lapt...,"₹64,990",Intel Core i5 Processor (13th Gen)16 GB DDR4 RAMWindows 11 Operating System1 TB SSD39.62 cm (15.6 Inch) Display1 Year Onsite Hardware Service,4.4
Lenovo Intel Core i3 12th Gen - (8 GB/512 GB SSD/DOS/512 MB Graphics) V15 Laptop,"₹30,999",Intel Core i3 Processor (12th Gen)8 GB DDR4 RAMDOS Operating System512 GB SSD39.62 cm (15.6 inch) Display1 Year Warranty,4.4
